address,district,floorArea,landmark,name,price
新繁镇文庙街88号,新都,unknown,新都城区,东湖郡一期,20000
新繁镇文庙街88号,新都,unknown,新都城区,东湖郡,20000
成华区八里庄路168号,成华,56,八里小区,碧桂园中环荟,12000
213国道天府大道交汇处北100米,天府新区南区,116,仁寿,远大聚华天府之南,13000
熊猫大道融创玖阙府一期,成华,unknown,动物园,融创玖阙府一期,26000
华林一路158号,成华,unknown,理工大,源滩国际社区,17000
新园大道8号,高新,unknown,市一医院,雄飞新园名都,30000
郫都区犀浦镇金樽三街151号（新里派克公馆对面）,金牛,136,国宾,远洋朗基国宾御府,15000
益州大道与伏龙北巷交汇处,天府新区,146,华阳,滨江天樾,14500
二仙桥东路46号,成华,38,东郊记忆,和泓东28,9600
address,district,floorArea,landmark,name,price
草金路西100米（永康森林公园旁、江安河畔）,双流,126,蛟龙港,蜀镇,12000
剑南大道南延线黄龙大道四段(黄龙古镇旁),天府新区南区,244,彭山,黄龙溪谷,61475
益州大道中段555号,高新,unknown,新会展,星宸国际,14500
三官堂街与龙舟路交汇处（望江公园、望江楼正对面）,锦江,382,三官堂,望江名门,100000
阳光城幸福大道333号,龙泉驿,102,阳光城,华府幸福城,10500
一环路内侧与蜀都大道交界处,成华,52,猛追湾,未来中心,18888
益州大道中段1918号,高新,56,华阳,嘉祥瑞庭南城,17000
东丽街与东紫路交汇处（动物园东大门）,成华,47,动物园,青龙广场,10000
物流大道与蓉都大道交汇处,新都,86,毗河,华都九龙广场,7500
大观镇高尔夫大街369号,都江堰,266,都江堰,御青城,15000
道明镇白塔湖大道159号,崇州,35,崇州,康怡城邦,6500
双流华剑路139号,双流,58,警院,亿城国际,14500
东丽街与东紫路交汇处（动物园东大门）,成华,unknown,动物园,青龙广场,9800
天府大道中段1388号,高新,238,新会展,花样年美年广场,30000
跳蹬河南路18号,成华,unknown,万年场,成华奥园广场二期,45000
荟锦路265号,高新,unknown,市一医院,南城都汇汇彩园,45000
汉州路999号,天府新区,unknown,麓山,秦皇帝锦,43300
洞子口路163号,金牛,unknown,五块石,天悦汇,13000
麓山大道二段（成都实验外国语西区旁）,天府新区,unknown,麓山,滨江和城,40000
成都市郫都区犀浦镇金粮路与全兴路交汇处（犀浦东站旁）,郫都,unknown,成外,锦巷兰台,30000
光华东三路588号,青羊,unknown,外光华,西城尚锦,40000
东二环与琉璃路交汇处,锦江,54,东湖,中港CCPARK,15000
清源三路169号,青羊,unknown,外金沙,蓝光coco金沙二期,27000
东四环·卧龙谷,龙泉驿,173,大面,卧龙谷壹号,16200
永丰路7号（衣冠庙地铁口B出口）,高新,58,芳草,和雅嘉御,25000
青霞镇分水2组12号,大邑,46,大邑,幸福公社二期,11980
新园大道8号,高新,64,市一医院,雄飞新园名都,9500
成洛大道西河地铁口（华新职业学院旁）,龙泉驿,unknown,十陵,昊园江南壹品,14000
江安路518号,温江,unknown,花都大道,佳年华新生活,25000
益州大道中段699号（天府一街与天府二街之间）,高新,unknown,新会展,香月湖,53000
东升镇银河路8号（双流县图书馆旁）,双流,unknown,东升镇,隆鑫十里画卷,20000
雄州大道京汉新城.悦隽风华,简阳,124,河东新区,京汉新城悦隽风华,8468
武汉路与梓州大道交汇处,天府新区,68,麓山,置富广场,11000
郫都区犀浦镇泰山北街1号,郫都,114,犀浦,乐视界广场,13500
建设南路50号,成华,unknown,东郊记忆,中南融创玖华台邸,38000
建工路龙湖梵城,成华,unknown,万年场,龙湖梵城,19000
华府大道三段300号,双流,unknown,华府,棠湖泊林城,11000
益州大道和天府三街交汇口,高新,55,新会展,中粮天府宸悦,18500
四川省成都市温江区白鹭路469号附8号,温江,unknown,国色天乡,鹭湖宫13区,25000
车城西五路99号,龙泉驿,42,大面,金茂悦龙山,9500
天府三街吉泰路588号,高新,100,新会展,海洋中心,19500
十二桥路29号,金牛,66,通惠门,港泰通航大厦,32500
二环与蓉北商贸大道交界处（城北客运站中心对面）,金牛,unknown,五块石,中铁瑞景汇中心,50000
驿都大道西路中国铁建国际城东100米,龙泉驿,unknown,大面,海亮彩悦府,20000
蓉都大道南四段,新都,unknown,毗河,华都九龙广场,12000
同安街办幸福路99号,龙泉驿,unknown,阳光城,林溪康城,35000
东丽街与东紫路交汇处（动物园东大门）,成华,unknown,动物园,青龙广场,25000
华阳街道府河路与南湖路交汇处,天府新区,unknown,南湖,北京街,37000
阳光城幸福大道333号,龙泉驿,unknown,阳光城,华府幸福城,32000
新繁镇文庙街88号,新都,unknown,新都城区,东湖郡一期,20000
华林三路10号,成华,50,理工大,龙光世纪中心,11000
新繁镇文庙街88号,新都,unknown,新都城区,东湖郡,20000
成华区八里庄路168号,成华,56,八里小区,碧桂园中环荟,12000
213国道天府大道交汇处北100米,天府新区南区,116,仁寿,远大聚华天府之南,13000
熊猫大道融创玖阙府一期,成华,unknown,动物园,融创玖阙府一期,26000
华林一路158号,成华,unknown,理工大,源滩国际社区,17000
新园大道8号,高新,unknown,市一医院,雄飞新园名都,30000
郫都区犀浦镇金樽三街151号（新里派克公馆对面）,金牛,136,国宾,远洋朗基国宾御府,15000
益州大道与伏龙北巷交汇处,天府新区,146,华阳,滨江天樾,14500
二仙桥东路46号,成华,38,东郊记忆,和泓东28,9600
人民南路一段126号,青羊,182,人民公园,兰博中心,50000
上沙河铺街66号,锦江,65,沙河堡,COSMO天廊,25000
天府新城南（成雅高速邓双出口下前行500米处）,新津,457,新津,亚特兰蒂斯黄金时代,15317
西河镇成洛大道3199号（九峰国际汽车成附近）,龙泉驿,70,十陵,雄飞生活广场,7400
天府大道与中建大道交汇处向西200米,天府新区南区,105,仁寿,万景九洲天府,13000
梓州大道与新通大道的交汇处,高新,unknown,中德,融创香璟台二期,45000
电子路中段144号,新都,unknown,新都城区,桂湖名城二期,9500
都江堰青城大桥旁,都江堰,48,都江堰,外滩新天地,10000
人民南路四段45号,武侯,unknown,航空路,新希望大厦,16500
银河路三段（双流体育中心旁）,双流,148,双流城区,蓝润城,11500
沙河铺街208号,锦江,278,蓝谷地,滨江樾府,19500
武侯大道铁佛段289号,武侯,94,簇桥,世纪百合锦寓,10000
柳城街办燎原社区八组新华社区一组区,温江,46,温江新城,悦天地商厦,10000
郫都区红光镇国宁西路1555号（红光大道西华大学旁）,郫都,152,红光,领地金科蘭台府,16250
涧槽中街188号,双流,104,双流城区,香楠国际,13500
福梓路33号,郫都,104,犀浦,华邑宸熙,16000
清水镇天府大道60号,天府新区南区,98,仁寿,朗基香颂天府二期,12500
仁寿大道与天府大道交汇处,天府新区南区,110,仁寿,金辉优步花园,9700
"地铁2号线牛王庙站B出口旁（国土局锦江分局斜对面）, 锦东路新希望D10天府",锦江,108,九眼桥,新希望D10天府,18519
凤祥大道1699号凤凰盛景,青白江,106,青白江,凤凰盛景,7500
车城西四路和经开区南一路交汇处,龙泉驿,63,大面,德商蜜柚,9000
清涟路27号,青羊,unknown,外金沙,蓝光COCO金沙一期,25000
清涟路27号,青羊,unknown,外金沙,蓝光COCO金沙一期,25000
成华邛崃山路与迎晖路交汇处,成华,unknown,东客站,泊里中心,17500
龙港路369号,成华,120,龙潭寺,珑悦锦云花园,15600
大丰街道先驱大道与大天路交汇处 ,新都,138,大丰,朗基香樾府,11650
车城西四路德商蜜柚,龙泉驿,unknown,大面,德商蜜柚,29000
石盘镇花红大道中段56号,简阳,101,石桥片区,龙湖物业滨湖城,8500
建设北路三段378号,成华,38,SM广场,时光荟,13000
成都市车城西四路177号,龙泉驿,142,大面,新希望锦麟府,20200
百仁生态区内（三环路西四段）,青羊,unknown,外金沙,太行朗诗金沙城,20000
金盆地大道229号,崇州,74,崇州,中鑫海广场,10000
水巷子与簇桥中街交叉口南50米,武侯,110,簇桥,锦悦华庭,15800
建工路龙湖梵城,成华,unknown,万年场,龙湖梵城,65000
龙祥商业街88号,龙泉驿,unknown,十陵,天赋龙庭,7300
新华大道文武路飞大美誉大厦,青羊,41,草市街,飞大美誉大厦,25000
犀浦泰山北街一号,郫都,48,犀浦,乐视界广场,9000
益州大道北段388号,高新,66,城南宜家,明宇南御,17000
益州大道与伏龙北巷交汇处,天府新区,257,华阳,滨江天樾,19900
科兴路东段443号,温江,42,温江大学城,悦彩广场,10000
校园路东段188号,郫都,118,犀浦,华邑宸居,17000
蜀龙大道南段777号,新都,unknown,毗河,佳乐国际城四期,15000
温江区公平镇春江路(成都市农林科学院旁),温江,122,国色天乡,合能枫丹西悦,8600
都江堰大道398号,都江堰,122,都江堰,优品道锦樾,8950
观东三街158号,高新,109,中德,德商御璟天骄,25000
益州大道与伏龙北巷交汇处,天府新区,unknown,华阳,滨江天樾,50000
安德镇彭温路203号,郫都,208,郫县城区,杜鹃城千万间,9000
正兴镇大安路1458号,天府新区,unknown,锦江生态带,和泓麓江府,40000
崇州市街子镇三街路368号,崇州,194,崇州,郡源山外山,13000
花源镇东篱路100号,新津,94,新津,龙光玖龙府,10356
太极大道66号,温江,94,温江大学城,东原阅墅,8600
犀浦镇犀安路666号,郫都,12,犀浦,滨江两岸,28000
天府大道与华府大道交汇处,天府新区,unknown,华阳,蓝润ISC,30000
梓州大道置富广场,天府新区,unknown,麓山,置富广场,27500
梓州大道置富广场,天府新区,unknown,麓山,置富广场,27500
青云路中交牧山美庐,新津,112,新津,中交牧山美庐,12000
万东路466号,天府新区,45,麓山,海伦天麓,9800
柳城街办燎原社区八组新华社区一组区,温江,unknown,温江新城,悦天地商厦,12500
金堂县会馆路6号,金堂,129,金堂,中国会馆,8600
天府大道永兴.滨湖一号,天府新区南区,126,仁寿,永兴.滨湖一号,9900
华府大道三段300号,双流,unknown,华府,棠湖泊林城,18500
峨眉山路369号,成华,unknown,东客站,佳年华广场一期,13500
柳林路99号,温江,38,温江老城,欧郡公馆,8000
晋阳路1488号,武侯,226,簇桥,龙湖天宸原著,25000
光华南一路255号,青羊,unknown,万家湾,远洋朗基香汇,45000
晋阳路1488号,武侯,38,簇桥,龙湖天宸原著,16500
晋阳路1488号,武侯,unknown,簇桥,龙湖天宸原著,45000
天府仁寿大道圆中大溪地,天府新区南区,120,仁寿,圆中大溪地,13000
名都路166号,高新,unknown,金融城,中铁信托大厦,20000
韩滩路46号,金堂,unknown,金堂,万邦悦城,20000
新都大道（成都医学院旁）,新都,unknown,新都城区,和信香榭澜郡,12000
迎宾大道永兴.一品,天府新区南区,102,仁寿,永兴·一品,8250
仁寿大道美的云溪郡,天府新区南区,131,仁寿,美的云溪郡,9400
仁寿大道美的云溪郡,天府新区南区,146,仁寿,美的云溪郡,15068
凤溪大道778号,温江,50,温江大学城,恒大名城,12000
仁寿县视高产业园区清水镇天府大道60号,天府新区南区,unknown,仁寿,朗基香颂天府,27000
九江街道马家寺社区,双流,unknown,蛟龙港,蜀镇尚楠湾,12800
同安街办幸福路99号,龙泉驿,90,阳光城,林溪康城,8200
成都市都江堰市青外江大桥与青城山大道交汇处(玉堂LG博爱中学旁),都江堰,108,都江堰,成都文旅城,9000
正兴镇大安路1458号,天府新区,unknown,锦江生态带,和泓麓江府,27000
二环与蓉北商贸大道交界处（城北客运站中心对面）,金牛,31,五块石,中铁瑞景汇中心,14000
视高镇花海大道一段3号,仁寿县,28,仁寿县,西蜀桦苑,10500
仁寿县龙正镇椰江村,仁寿县,119,仁寿县,龙城1号,4800
广汉市韶山路5段69号,广汉市,98,广汉市,金雁欢乐水岸,8500
文忠街北延段89号,东坡区,97,宏远百货,凯丽新城,7800
阜成路万景進园,东坡区,100,宏远百货,万景進园,9000
三段华西路80号,彭山区,110,彭山区,北湖春天,7000
绥山镇城北路89号,峨眉山市,70,峨眉山市,阳光维多利亚,7300
成灌路与和心路交汇处（后花园对面）,郫都,unknown,成外,朗基御香,36000
仁寿县视高镇奋勇社区景观大道,仁寿县,108,仁寿县,家园佳居,10250
东城新区东溪,简阳,unknown,河东新区,东城国际(简阳),26000
东城新区东溪,简阳,unknown,河东新区,东城国际(简阳),26000
龙华路东侧三盛都会城,龙泉驿,unknown,东山,三盛都会城,20000
龙华路东侧三盛都会城,龙泉驿,unknown,东山,三盛都会城,8000
驿都大道中路900号（龙泉驿世纪广场旁）,龙泉驿,unknown,龙泉驿城区,驿都城,36000
新园大道8号,高新,unknown,市一医院,雄飞新园紫郡,30000
外环路158号,雁江区,118,雁江区,筑鼎凯旋国际,8800
南湖公园南侧中海名城,东坡区,94,宏远百货,中海名城,7300
大雅街北二段一号,东坡区,118,宏远百货,王府井绿洲郡,8500
名山南路峨眉见山府,峨眉山市,50,峨眉山市,峨眉见山府,11000
温泉大道1号,峨眉山市,142,峨眉山市,桃李春风,55000
铁环东路阳光珑悦台,东坡区,84,眉山东站,阳光珑悦台,8300
剑南大道复地天府湾,彭山区,104,彭山区,复地天府湾,8300
铁环路太行瑞宏锦悦府,东坡区,102,眉山东站,锦悦府,6500
滨江大道南湖世家,东坡区,229,宏远百货,南湖世家,8900
东坡区阜成路东段北侧,东坡区,78,宏远百货,鹭湖云锦台,11000
联通路大城小院,东坡区,100,宏远百货,大城小院,7800
武青西一路399号,武侯,132,草金立交,美泉悦府,13000
永丰路7号（衣冠庙地铁口B出口）,高新,unknown,芳草,和雅嘉御,80000
文安西路锦泰金樽未来城,东坡区,71,眉山东站,锦泰金樽未来城,8800
梓州大道4333号,高新,70,远大,长冶南阳御龙府,10699
高攀路36-8号,武侯,145,火车南站,保利天悦,25000
赵镇金山路1号（金堂中学外国语实验学校对面）,金堂,128,金堂,金山郡,6850
顺江路335号（望江公园和川大旁）,锦江,176,莲花,阿玛尼艺术公寓,19886
凤凰西七路28号,青白江,104,青白江,实地海棠名著,9500
聚青路169号,都江堰,64,都江堰,蓝光青城河谷国际度假区,12000
四川省成都市都江堰市玉堂镇鑫玉大道（铁军路附近）,都江堰,78,都江堰,明宇豪雅青城,10000
华金大道三段55号（大弯中学旁）,青白江,106,青白江,凤凰名城,7300
崔家店路与跳蹬河路交汇处（崔家店路418号）,成华,unknown,万年场,成华奥园广场三期,53000
蓉都大道南四段,新都,unknown,毗河,华都九龙广场,28000
校园路129号,郫都,184,犀浦,西郡兰庭,10000
花明路129号,温江,127,光华大道沿线,中南上熙府熙悦,16500
驿都大道与国槐街交汇处,锦江,156,蓝谷地,滨江樾府,17500
光华大道光华南二路238号（树德中学旁）,青羊,unknown,万家湾,国一梦巢,49000
望丛中路与蜀信路交汇处,郫都,58,郫县城区,成都鑫苑城,9500
视高产业园区清水镇天府大道60号,天府新区南区,122,仁寿,朗基香颂天府,13200
华金大道3段1号金龙广场,青白江,128,青白江,金龙广场,7500
三星镇三星镇学府大道555号（四川天一学院旁）,金堂,106,金堂,希望未来城,6300
二仙桥北路3号,成华,unknown,理工大,交大归谷建设派,15000
川大路二段1号（四川大学江安校区旁）,双流,423,文星镇,融创长滩壹号,15700
南湖北路121号,天府新区,111,南湖,南湖世纪,13000
百仁生态区内（三环路西四段）,青羊,226,外金沙,太行朗诗金沙城,20000
金府路666号,温江,84,温江大学城,中房芳华美地,7000
麓山大道二段19号,天府新区,398,雅居乐,雅居乐富春山居,19000
空港一路一段189号 （空港一路一段与文星正街交汇处）,双流,86,文星镇,合力达卓越南城,11000
北星大道与大天路交汇处,新都,110,大丰,保利大都汇,11300
成都市都江堰市青外江大桥与青城山大道交汇处(玉堂LG博爱中学旁),都江堰,131,都江堰,成都文旅城,16000
南湖大道333号,天府新区,148,南湖,远大中央公园,13500
西三环蜀鑫路与清波路交汇处（华润金悦湾对面）,青羊,unknown,外金沙,海亮樾金沙,17000
新成华大道三段与东华一路交汇口,成华,unknown,理工大,中国铁建广场,12800
东御街88号,锦江,130,盐市口,星汇广场,26000
北星大道与大天路交汇处(十字路口出城方向右侧）,新都,unknown,大丰,城北优品道,20000
天府大道北段1199号（高新国际广场旁）,高新,620,金融城,银泰中心,85000
麓山大道二段（新元素奥迪旗舰店旁）,天府新区,116,麓山,中德麓府,10900
合作路89号,高新西,unknown,高新西,龙湖时代天街,28000
天府大道南段2618号,天府新区,134,锦江生态带,恒大天府半岛,12380
华阳街道府河路与南湖路交汇处,天府新区,67,南湖,北京街,13800
交子大道998号,高新,46,金融城,润富国际花园,24500
天府大道南段海昌南路99号,天府新区,326,海洋公园,新鸿基悦城,18000
益州大道中段599号,高新,60,新会展,航天城上城,28000
大面镇西干道青台山路（龙城一号8号门对面）,龙泉驿,60,大面,泰华锦城,9200
中环路锦绣大道段与嘉陵江路交叉口东南50米,成华,49,东客站,蓝润东悦荟,13500
晋原镇大邑县西街95号（原九龙超市旁）,大邑,109,大邑,大邑惠山公馆一期,15000
新繁镇滨江西路北侧,新都,127,新都城区,世玺,6900
阳光大道2号,龙泉驿,453,阳光城,成龙1号,16000
大面街道金桉路1号,龙泉驿,163,大面,百悦城plus,12000
武侯大道文昌段与新机场路的交汇处（中天物流园旁）,武侯,unknown,簇桥,时代锦绣,19000
华府大道一段(欧尚超市对面）,天府新区,214,华阳,海伦印象,14000
白衣上街177号,双流,57,蛟龙港,优品时代三期,10500
龙华路东侧三盛都会城,龙泉驿,52,东山,三盛都会城,4000
牧华路一段9号,双流,607,牧马山,牧马山牧山湖蔚蓝卡地亚,16000
三星镇学府大道279号,金堂,132,金堂,星岛星时区,7200
普兴镇骑龙村5组,新津,108,新津,恒大天府城邦,9310
双成五路66号,成华,45,万象城,观城,17000
青城山大三路2号,都江堰,53,都江堰,龙湖小院青城,28302
剑南大道中段锦城南府,高新,60,大源,锦城南府猫先生,19000
天府三街1599号（天府三街与南华路交汇处）,高新,45,大源,大源欢乐颂,19000
红光镇红光路北一段299号,郫都,88,红光,铂悦郡,9500
凤凰大道二段699号,青白江,120,青白江,公园世家,7700
栖凤街53号,青白江,118,青白江,瑞居海布斯卡,7450
凤翔大道1266号,青白江,82,青白江,蝴蝶洲,7650
天府三街855号,高新,unknown,大源,锦城南府猫先生,40000
温泉大道二段恒大未来城,温江,116,光华大道沿线,恒大未来城,12000
光华大道东4路78号,青羊,unknown,万家湾,东原时光道,40000
成双大道中段鞋都南二路139号,武侯,unknown,簇桥,鞋都风尚中心,25000
大面街道金桉路1号,龙泉驿,unknown,大面,百悦城plus,25000
金科西路58号,金牛,unknown,国宾,东原亲亲里,50000
益州大道中段699号（天府一街与天府二街之间）,高新,40,新会展,香月湖,28000
邓双镇芝芝路888号,新津,912,新津,美好庄园,15000
金彭中路355号,彭州,100,彭州,锦绣尚城,6000
中和大道二段69号,高新,92,中和,红树湾,20000
西河镇成洛大道（西南食品城旁）,龙泉驿,100,十陵,招商依云上城,8500
新繁镇列维士路369号（龙桥家具园区）,新都,148,新都城区,香江紫钻,5000
街子古镇金鱼街1号（青城神韵一期旁）,崇州,59,崇州,青城神韵二期,10000
双楠大道中段888号（双楠大道与星空路交汇处）,双流,43,蛟龙港,汇都商贸城,8500
凤凰大道二段765号,青白江,157,青白江,嘉合凤凰岛,9300
凤凰西六路28号,青白江,100,青白江,瀚城国际,7250
观东二街和应龙南二路交叉口,高新,50,远大,华润时光里,13000
弥牟镇仁寿路199号,青白江,unknown,青白江,佳飞国际建材家居市场,11000
金科苑东街与金科苑南街交叉口西100米,金牛,unknown,高家庄,华宇西城雅郡,44000
郫筒镇梨园路一段708号,郫都,unknown,郫县城区,中冶中央公园,25000
二仙桥北路3号,成华,unknown,理工大,交大归谷建设派,50000
成龙大道二段（川师成龙校区旁）,龙泉驿,100,大面,凯德卓锦万黛,8700
羊马镇崇阳大道2199号(金马湖大桥旁),崇州,114,崇州,嘉裕第六洲,5980
凤凰大道三段8号（凤凰湖公园正面对面）,青白江,110,青白江,誉府仕家,8500
三环成金青大道狮子湖生态区入口,新都,129,保利公园,保利湖心岛,11000
迎晖路99号,成华,48,万年场,中环壹号大厦,17500
梓州大道4333号,高新,120,远大,长冶南阳御龙府,10170
318国道与拱辰路交汇处,邛崃,87,邛崃,鑫海天城,11000
成洛大道与汽贸大道交汇处（西河镇汽贸大道68号）,龙泉驿,90,十陵,慧生时代广场,5300
兴乐北路600号,新都,169,新都城区,富豪公馆,9700
牧马山大件路1089号,双流,178,牧马山,华新锦绣尚郡,13500
四川省成都市温江区白鹭路469号附8号,温江,98,国色天乡,鹭湖宫13区,8000
永顺路71号,武侯,unknown,红牌楼,蓝光雍锦世家,19500
致和镇西河东路555号,彭州,120,彭州,天立世纪华府,8200
光华南二路(树德中学对面),青羊,135,万家湾,光华壹号,12500
锦江西路鑫苑·鑫都汇南侧,天府新区,189,南湖,德商御府天骄,18000
大丰街道甫家一路289号,新都,91,大丰,家益凤凰富居,7500
二仙桥东路（加油站旁）,成华,47,东郊记忆,上寓,12000
泰兴镇白鹤岛风景区（新石路与成金青交汇处）,新都,unknown,保利公园,恒大上林苑,7700
寿安镇迎宾大道88号（寿安中心小学附近）,蒲江,unknown,蒲江,剑桥小镇三期,5500
北新大道2599号,彭州,188,彭州,中海外北岛,5500
红光镇幸福路北一段81号（思源学校对面）,郫都,unknown,红光,公园1号,15000
金融城交子大道（天府国际金融中心旁）,高新,unknown,金融城,中国华商交子公馆,23000
协和下街588号,天府新区,unknown,华阳,戛纳湾金棕榈,45000
草金路（永康森林公园旁、江安河畔）,双流,unknown,蛟龙港,蜀镇,20000
鹤鸣乡青云街1号,大邑,78,大邑,鹤鸣青云墅,9500
武侯立交聚龙路168号（武侯万达广场旁）,武侯,unknown,新双楠,金隅大成珑熙郡,50000
和美东路221 号,成华,unknown,成渝立交,海上海北苑,30000
和美东路221 号,成华,unknown,成渝立交,海上海北苑,30000
峨山镇朝拜路88号,峨眉山市,429,峨眉山市,峨眉青庐,8800
花照壁街225号,金牛,unknown,花照壁,龙湖紫宸,70000
光华大道三段南侧花土路936号（地铁四号线凤凰大街站旁）,温江,unknown,光华大道沿线,中国西部文化城,22000
双流东升镇一杆旗北路29号,双流,unknown,东升镇,满座,27000
北星大道与大天路交汇处(十字路口出城方向右侧）,新都,unknown,大丰,城北优品道,25000
天府大道南段会龙大道内,高新,unknown,中德,中铁城锦南汇,36000
益州大道中段555号,高新,unknown,新会展,星宸国际,20000
梨园路一段528号,郫都,unknown,郫县城区,中铁奥维尔,28000
科锦路355号（川农大旁）,温江,unknown,国色天乡,锦汇城,25000
同仁路199号,新都,unknown,新都城区,我的大学,28000
华都路169,郫都,unknown,犀浦,龙城半岛,40000
和美东路221 号,成华,unknown,成渝立交,海上海南苑,30000
东升街道宜城大街一段333号,双流,146,双流城区,三里花城,13000
府青路二段177号,成华,unknown,八里小区,中铁二局玛塞城,40000
分水社区1组88号,大邑,100,大邑,青霞山水卡伦德拉小镇,12000
名山路南段188号,峨眉山市,200,峨眉山市,峨眉山与湖,25000
友爱镇平安路6号（成灌高速石家桥出口500米）,郫都,340,郫县城区,桂溪欧苑,12000
百信路28号,温江,96,温江大学城,明信城,10800
牧华路三段1789号,天府新区,unknown,南湖,海伦春天,35000
红光镇幸福路北一段81号（思源学校对面）,郫都,unknown,红光,公园1号,35000
东大路1号(地铁2号线牛市口站A出口、二环BRT牛市口站),锦江,unknown,攀成钢,泰合国际财富中心,65000
宝光桂湖文化区新新路560号,新都,123,新都城区,恒大御府,10000
分水社区1组88号,大邑,89,大邑,青霞山水卡伦德拉小镇,10000
剑南大道中段利通时代晶座,高新,unknown,大源,时代晶座(高新),50000
望从东路308号,郫都,58,郫县万达,一里阳光,7800
金马镇清泰路425号,温江,238,温江大学城,嘉源红郡,7000
龙泉阳光城锦绣路与同安路交汇处,龙泉驿,110,阳光城,恒大御龙天峰,9600
三河镇蜀龙路南段777号,新都,unknown,毗河,佳乐国际城四期,10550
彩虹大道南段123号,都江堰,59,都江堰,东能财富广场,9500
红星路南延线与应龙路交叉口,高新,unknown,远大,北大资源颐和翡翠府,40000
都江堰市106省道和聚青路交汇处,都江堰,81,都江堰,宝信青城,8642
天府三街1599号（天府三街与南华路交汇处）,高新,unknown,大源,大源欢乐颂,50000
麓山大道二段（新元素奥迪旗舰店旁）,天府新区,unknown,麓山,中德麓府,30000
天府一街1333号（高新七中旁）,高新,unknown,大源,凯德世纪名邸,40000
武科东二路460号,武侯,unknown,草金立交,世豪嘉柏,40000
西安路四段89号,双流,unknown,东升镇,北大资源公园1898,36000
华府大道一段(欧尚超市对面）,天府新区,unknown,华阳,海伦印象,44000
星空路四段88号,双流,unknown,蛟龙港,华润公园九里,23000
簇锦街办铁佛村3、8组(武侯大道铁佛段与金履路交汇处),武侯,unknown,簇桥,西派城,36000
中环路锦绣大道段4599号,成华,unknown,东客站,荣盛香榭兰庭一期,30000
中环路锦绣大道段4599号,成华,unknown,东客站,荣盛香榭兰庭一期,30000
安宁河路4599号,成华,unknown,东客站,荣盛香榭兰庭二期,30000
地铁二号线洪河地铁A1出口,锦江,unknown,三圣乡,绿地中心468星朗,17500
兴城大道1955号,新都,62,新都城区,创想大厦,8700
菱西路9号,龙泉驿,86,东山,寰宇君汇城,7300
双建路建行正对面（原双建路79号）,成华,unknown,八里小区,成功悦都,41000
学苑路456号（大弯中学旁边）,青白江,unknown,青白江,广泽长河郡,11000
龙泉驿成龙大道与成简快速通道交汇处（芦溪河六国公园旁）,龙泉驿,unknown,东山,东山领地,16000
鲸龙路960号（新龙中对面）,龙泉驿,unknown,东山,绿林书院,13000
青城大桥旁,都江堰,unknown,都江堰,外滩新天地,27000
青白江同华大道以北、凤凰路以西（凤凰湖旁边）,青白江,78,青白江,尚林幸福城,7500
华府大道与万顺大道交汇处,双流,228,华府,中国铁建西派国樾,18000
国宁东路1019号,郫都,108,成外,成都后花园蝶院,12300
武汉路918号（乐盟国际学校旁）,天府新区,unknown,锦江生态带,融创玖棠府,25000
名山路南段26号,峨眉山市,203,峨眉山市,山水峨眉,14778
西航港大道中三段888号,双流,112,牧马山,葛洲坝紫郡蘭园,15500
大丰北星大道(方元路与新水碾路交汇处),新都,unknown,大丰,龙湖听蓝湾,12293
西河镇成洛大道（西南食品城旁）,龙泉驿,unknown,十陵,招商依云上城,25000
红光镇红高路88号,郫都,unknown,橡树湾,龙城国际,35000
"红光镇广场路北三段, 广场路北四段10号",郫都,unknown,红光,中铁银杏广场,30000
郫筒镇杜鹃路政府旁,郫都,25,郫县城区,重百汉正广场,30000
东府街33号,锦江,unknown,盐市口,东府九座,17000
新成彭路大天路出口左侧（博雅新城旁）,新都,unknown,大丰,优品道珑苑,35000
望丛东路139号,郫都,unknown,郫县万达,蜀都万达广场,38000
中环路锦绣大道段与金马河路交叉口东100米,成华,74,东客站,梦魔方广场,15000
赵镇中兴寺路188号,金堂,unknown,金堂,恒合时代城,5000
仁寿文林镇广电街城南街心广场旁,仁寿县,118,仁寿县,翡翠锦城,8800
金堂县兴业路558号,金堂,95,金堂,鹭洲城邦,5600
崇阳大道100号（羊马湿地公园旁）,崇州,111,崇州,恒大银海湖,8600
工业大道西段67号,新都,unknown,新都城区,和信天骄府,24600
仁寿县视高镇奋勇社区景观大道,仁寿县,unknown,仁寿县,家园佳居,17000
光华东三路588号,青羊,unknown,外光华,西城尚锦,40000
仁寿县视高镇奋勇社区景观大道,仁寿县,unknown,仁寿县,家园佳居,33000
天府五街与江安河交汇处（天府软件园E区以南）,双流,145,警院,花样年家天下,15000
金堂县上正街858号,金堂,unknown,金堂,富堂金湾,3950
天府五街与江安河交汇处（天府软件园E区以南）,双流,124,警院,花样年家天下,12000
凤凰大道西二段138号,青白江,109,青白江,嘉和世纪城,7300
三星镇学府大道279号,金堂,unknown,金堂,星岛星时区,12000
致和镇南三环路二段288号,彭州,113,彭州,昌建星悦城,7100
交子大道333号,高新,unknown,金融城,誉峰三期,19000
西河镇成洛大道（西南食品城旁）,龙泉驿,unknown,十陵,招商依云上城,30000
峨山镇温泉大道333号,峨眉山市,58,峨眉山市,峨眉时光,15000
机场路与黄河北路交汇处,双流,96,航空港,空港陆号,11000
跳蹬河南路18号,成华,unknown,万年场,成华奥园广场二期,45000
跳蹬河槐树店路26号（成洛大道与中环路交汇处）,成华,unknown,万年场,鲁能城二期,45000
红光镇广场路（技师学院对面）,郫都,unknown,红光,同森锦熙,25000
红光镇广场路（技师学院对面）,郫都,unknown,红光,同森锦熙,35000
中铁产业园旁（九道堰北站附近）,金牛,unknown,大丰,碧桂园城市花园,26000
黄河中路二段388号,双流,128,航空港,蓝光T-max,14000
北京路138号（南临驿都大道，西临翠龙路）,龙泉驿,unknown,龙泉驿城区,壹中心,20000
长顺大道一段（长顺家园旁）,双流,94,华府,格林城,14500
一环路北二段北站西二路1号,金牛,unknown,金牛万达,炎华置信花千集,30000
红光镇银润路437号,郫都,114,橡树湾,荔园悦享花醍,12000
仁寿县视高大学城花海大道1号,天府新区南区,84,仁寿,远大聚华天府南庭,16500
西河镇成洛大道3199号（九峰国际汽车成附近）,龙泉驿,unknown,十陵,雄飞生活广场,25000
人民南路南延线麓山大道（成都实验外国语旁）,天府新区,108,麓山,三利麓山城,10200
百瑞二路338号,青羊,60,外金沙,金沙城锦澜阁,15500
成都市大邑县雾山乡两河口社区7组100号,大邑,66,大邑,雾山河畔1期,9000
北站东一路26号,金牛,80,金牛万达,金牛之心荷花池广场1期,12800
天府大道中段199号,高新,unknown,新会展,成都棕榈泉国际中心,24500
108国道与货运大道交汇处（佳飞建材对面）,新都,60,新都城区,龙域天地,7800
中新街49号,锦江,unknown,盐市口,小春熙,100000
静康路与静沙北路交汇处,锦江,unknown,沙河堡,新希望锦官阁,55000
裴城路雨高登北街交叉口南侧,东坡区,59,眉山东站,裴城春天,8500
麓山大道二段19号,天府新区,498,雅居乐,雅居乐天玉台,19000
中环路锦绣大道段与嘉陵江路交叉口东南50米,成华,unknown,东客站,蓝润东悦荟,13500
胜利镇燕杨路2号（维也纳森林别墅旁）,双流,310,牧马山,瑞升橄榄山,13000
北新大道2599号,彭州,194,彭州,中海外北岛,5500
北部商贸城竹韵大道（毗河旁）,新都,86,大丰,缤纷翡翠湾,9300
天府二街151号,高新,unknown,新会展,领地环球金融中心,20000
新成彭路大天路出口左侧,新都,unknown,大丰,融创凯旋东岸,14000
西三环蜀鑫路与清波路交汇处（华润金悦湾对面）,青羊,76,外金沙,海亮樾金沙,18421
绵竹大学城-80000平米鲜花广场旁,绵竹市,unknown,绵竹市,剑桥城,38000
望丛东路139号,郫都,41,郫县万达,蜀都万达广场,7600
望丛东路139号,郫都,unknown,郫县万达,蜀都万达广场,25000
长融东二路,成华,unknown,万年场,交大梦家,35000
长融东二路,成华,unknown,万年场,交大梦家,35000
中和街道观东社区三组、龙灯山社区十一、十二组,高新,unknown,中德,融创香璟台一期,45000
蜀龙路与熊猫大道交汇处东行300米,新都,132,保利公园,保利狮子湖,13000
成都市都江堰市青外江大桥与青城山大道交汇处(玉堂LG博爱中学旁),都江堰,unknown,都江堰,成都文旅城,25000
金堂县赵镇金园街619号,金堂,94,金堂,金山国际,5600
天府一街1333号（高新七中旁）,高新,117,大源,凯德世纪名邸,19200
鹤山镇工业大道上段3号,蒲江,115,蒲江,万象云庭,6000
北泉路1188号,龙泉驿,unknown,龙泉驿城区,果壳里的城,26000
凤凰西七路31号,青白江,unknown,青白江,天府欧城,27000
南三环娇子立交外侧,锦江,unknown,卓锦城,首创娇子1号,40000
凤凰西七路31号,青白江,38,青白江,天府欧城,6500
崔家店路与跳蹬河路交汇处,成华,unknown,万年场,成华奥园广场三期,17500
江安路518号,温江,92,花都大道,佳年华新生活,10000
天府大道南延线奋勇社区景观大道附近,天府新区南区,128,仁寿,新城悦隽天府,17000
同安镇阳光城阳光大道138号,龙泉驿,450,阳光城,中粮御嶺湾,21333
静康路与静沙北路交汇处,锦江,unknown,沙河堡,新希望锦官阁,55000
武兴路和金江路交汇处,武侯,unknown,簇桥,新希望锦悦楠庭,30000
凤凰大道一段198号,青白江,90,青白江,协信天骄城,7200
新都成都北大门川陕路（蓉都大道和兴城大道交界点）,新都,79,毗河,雄飞北尚广场,27000
滨江路二段毗河二桥旁,金堂,114,金堂,恒大御景半岛,7600
成龙大道车城西三路,龙泉驿,unknown,大面,金科东方雅郡三期,13000
通宝街88号,锦江,315,攀成钢,伊泰天骄,28000
一环路东五段茂业豪园营销中心,锦江,32,九眼桥,茂业豪园,29500
视高经济开发区奋勇社区景观大道附近,天府新区南区,90,仁寿,新城悦隽天府,14000
湖滨路北二段,东坡区,126,苏辙公园,领地凯旋国际公馆三期,10000
交子大道33号,高新,173,金融城,中国华商交子公馆,50000
东三段双成3路15号,成华,unknown,万象城,华润二十四城六期,20000
龙桥镇政府西北方向200米,新都,124,大丰,半岛云著,9850
光华大道西段•新城大道与羊安路交汇处,崇州,108,崇州,恒大西辰绿洲,9000
凤祥大道2段万科时代之光,青白江,108,青白江,万科时代之光,11000
成龙大道与银木街交界处,锦江,unknown,三圣乡,华熙528艺术村锦都,50000
成龙大道与银木街交汇处,锦江,unknown,三圣乡,华熙528艺术村盈都,55000
白龙江路6号,成华,51,东客站,弘创名座,16500
"兴隆湖南侧视高大学城（成都信息工程大学旁）, 视高镇花海大道一段10号",天府新区南区,unknown,仁寿,天府大学里,32500
麓山大道二段19号,天府新区,110,雅居乐,雅居乐剑桥郡,9200
泰安北路777号,彭州,unknown,彭州,辰兴锦城国际,5600
凤祥大道1019号,青白江,112,青白江,金科博翠天宸,10500
"东升镇航都大道与商都路交汇处(陶家院子旁), 航都大街二段756号",双流,85,蛟龙港,北大资源燕楠国际,13200
南三环娇子立交外侧,锦江,unknown,卓锦城,首创娇子1号,45000
通源街588号,锦江,unknown,东大路,乐天圣苑,74000
汉口路与大件路交汇处,广汉市,unknown,广汉市,金雁麦丁小城,14000
东二环通桂路7号(沙河公园旁),锦江,unknown,东大路,中洲中央城邦,70000
通源街588号,锦江,unknown,东大路,乐天圣苑,70000
唐安东路与世纪大道交汇处（成温邛高速崇州站下直行1千米）,崇州,114,崇州,唐人街相府花园,8000
雪山大道二段598号,大邑,unknown,大邑,青禾名都,5940
龙泉驿天鹅西湖南路6号（成龙大道和天鹅西湖南路交汇处）,龙泉驿,130,大面,世茂城三期,14200
万石路旁,金牛,138,大丰,保利天汇,21000
牧华路三段1789号,天府新区,unknown,南湖,海伦春天,22000
香雪海路19号,都江堰,262,都江堰,国光纳帕谷,11000
106省道泰达格调青城岚田(青城山站对面),都江堰,53,都江堰,泰达格调青城岚田,11000
"兴隆湖南侧视高大学城（成都信息工程大学旁）, 视高镇花海大道一段10号",天府新区南区,95,仁寿,天府大学里,11000
幸福大道绿地新城新里桃溪川,龙泉驿,138,阳光城,绿地新城新里桃溪川,13000
都江堰市翠月湖镇灌温路与聚青线交叉口西南处,都江堰,125,都江堰,海航中国集锦润青城,12000
花海大道一段11号,天府新区南区,75,仁寿,成信悦城,13300
九江街道通江社区,双流,162,草金立交,蓝光长岛国际社区五期,13500
康和西一街199号,高新,132,中和,锦城悦庭,14664
视高镇北街186号,天府新区南区,30,仁寿,德福国际中心,7000
一环路南四段19号,武侯,56,高升桥,锦外中心,20000
凤凰东二路99号,青白江,106,青白江,听湖九园,7500
锦江生态带以西，剑南大道以东,天府新区,46,南湖,万科翡翠公园,13000
花源镇紫云路兴普大道399号,新津,148,新津,领地天府兰台,10800
新城悦隽天骄,天府新区南区,106,彭山,新城悦隽天骄,12000
柳城街办海川路2号,温江,50,温江新城,云鼎,12000
同运街春熙广场,东坡区,128,眉山东站,春熙广场,8800
永和大道66号,崇州,103,崇州,花样年智荟城,8500
白莲池街道办事处一里塘社区4、5、6、7组,成华,128,动物园,融创玖阙府南苑,12000
花源镇青云路155号,新津,156,牧马山,龙湖双珑原著,12000
天龙大道382号,金牛,unknown,大丰,中南海棠集,13800
红光大道与广场路交汇处,郫都,100,红光,万科时光润园,13500
新泰东路71号,新都,144,新都城区,七一森林城市花园,16000
"牛龙路口, 华宇旭辉锦绣广场",成华,47,龙潭寺,华宇旭辉锦绣广场,11000
红星路南延线与新川大道交汇处,高新,94,中德,爱在城南,14950
凤凰大道一段88号,青白江,108,青白江,美的新城公园天下,8000
都江堰堰华路87号（公园大道一号旁）,都江堰,115,都江堰,都江懿府,8600
天府一街1333号（高新七中旁）,高新,unknown,大源,凯德世纪名邸,50000
韶山路五段56号,广汉市,104,广汉市,金雁·欧城联邦,8500
石岭路融创玖阙府二期,成华,unknown,动物园,融创玖阙府二期,35000
民兴北二路新力琥珀园,成华,98,理工大,新力琥珀园,13000
麓山大道381号(麓山大道入口处左侧),天府新区,140,海洋公园,阳光城半山悦,11355
"牛龙路口, 华宇旭辉锦绣广场",成华,unknown,龙潭寺,华宇旭辉锦绣广场,35000
家具大道519号,新都,92,新都城区,汇尚城,6800
江宁南路88号,温江,110,国色天乡,鹭湖宫10区,10000
四川省成都市都江堰市玉堂镇鑫玉大道（铁军路附近）,都江堰,80,都江堰,明宇豪雅青城,12000
三色路华润·东原·时光绘,锦江,44,琉璃场,华润东原时光绘,14000
武科东四路18号,武侯,unknown,草金立交,联邦财富中心,20000
家具大道519号,新都,unknown,新都城区,汇尚城,18000
天府街道海科路东段688号,温江,172,温江大学城,西财学府尚郡,8800
双楠大道中段188号,双流,63,蛟龙港,汇恒青楠里,9600
万顺路二段419号,双流,167,华府,金地悦澜道,19000
老码头二期旁,新津,128,新津,新城金樾府邸,9200
锦溪路83号,新都,104,新都城区,俊发滨河俊园,6900
广汉市韶山路5段69号,广汉市,unknown,广汉市,金雁欢乐水岸,19000
观岭大道1188号,金堂,134,金堂,蓝光观岭国际社区翡翠湾,6700
东升街道航港路66号,双流,128,蛟龙港,九龙仓时代小镇1号府邸,11300
文忠街北延段256号,东坡区,98,宏远百货,中梁华府,7300
郫都区创智东二路68号,郫都,unknown,郫县城区,绿地国际花都星逸,10000
郫花路299号（郫花路与关柏路交汇处）,郫都,123,郫县城区,花样年龙年中心,12000
世纪城会展中心198号,高新,unknown,新会展,世纪城梦想派,15000
石板滩镇老城区东风西街（石板滩镇政府旁）,新都,unknown,保利公园,蓉海东悦华府二期,5800
佛光东路928号,峨眉山市,66,峨眉山市,峨眉长岛,7000
涌泉镇（街办）鹏程路99号,温江,unknown,光华大道沿线,天来汇景,48000
锦城大道与天府大道交汇处（锦江旁）,高新,78,神仙树,招商大魔方,26000
成都市成华区杉板桥路601号,成华,unknown,建设路,招商中央华城商铺,40000
鹤山镇梁江村,蒲江,unknown,蒲江,雍锦澜湾,8300
云溪路515、518号,温江,116,温江老城,炎华置信上林开府,11000
建设南路50号,成华,unknown,建设路,中南融创玖华台商铺,57500
同金街366号,青白江,112,青白江,棠湖清江花语,7000
凤祥大道佳兆业悦府,青白江,117,青白江,佳兆业悦府,8000
龙桥镇紫金路68号,新都,unknown,大丰,德益金龙郡,9000
苏堤路阳光1519云梦洲,东坡区,115,岷东新区,阳光1519云梦洲,15000
兴隆街道罗家店村八组201号,天府新区,288,麓山,保利天空之城,18500
雅和街（地铁1号线广都站C口）,高新,139,广都,宸光和悦,30000
武侯大道顺江段200号,武侯,unknown,新双楠,当代中德璞誉,19000
仁寿县视高大学城花海大道1号,天府新区南区,unknown,仁寿,远大聚华天府南庭,19000
仁寿县视高大学城花海大道1号,天府新区南区,unknown,仁寿,远大聚华天府南庭,22500
滨江东路北二段136号（斜江河畔，静惠山旁）,大邑,136,大邑,山水华府,7000
建设北路三段70号,成华,37,东郊记忆,朗诗尚高大厦,14000
光华大道三段地铁4号线光华公园站G2出口,温江,62,珠江新城,珠江悦湖国际,8500
杭州路219号,东坡区,92,眉山东站,信和一号汇,9500
锦江西路6号,天府新区,160,南湖,中海锦江壹号,14300
黄水镇燕扬路3号,双流,368,东升镇,三盛翡俪山,10500
犀浦镇国宁东路1019号,郫都,66,成外,成都后花园四期,11000
平阳街1号,大邑,78,大邑,养和山居一期,6500
花都大道东段66号,温江,115,花都大道,汇厦香悦云庭,9000
金渊路81号,青白江,91,青白江,西街上院,6300
芒城大道98号,都江堰,unknown,都江堰,青城365南苑,7400
安金路179号,都江堰,114,都江堰,枫尚云锦,8000
学苑路218号,青白江,102,青白江,瀚城新天地,7400
广汉市金虎路（青什路金虎小区路口向西200米),广汉市,unknown,广汉市,华景川万悦城,6300
剑南大道南段716号,双流,46,警院,瑞华天地,12000
江源南路558号,崇州,116,崇州,隆腾蜀州府,8000
凤凰大道北侧天河悦城,青白江,98,青白江,天和悦城,6600
金丰路保利天玺,金牛,unknown,华侨城,保利天玺,15000
协和街道和顺路二段55号,双流,128,华府,中海云麓世家,18000
潘家街三段1号（甲子路和潘家街交汇处）,大邑,108,大邑,优品美地,7500
青白江凤祥大道建工梧桐屿,青白江,122,青白江,建工梧桐屿,7600
万石路旁,金牛,unknown,大丰,保利天汇,13994
华金大道三段66号,青白江,unknown,青白江,悦荟时代广场,13000
东三环凯德广场魅力城店向东500米,成华,unknown,成渝立交,隆鑫印象东方,45000
金河路1351号,双流,155,东升镇,金科领地博翠粼湖,19000
大同路（钱江凤凰城旁）,青白江,115,青白江,新城悦隽盛世,10800
江源中路翰林首府,崇州,166,崇州,翰林首府,12000
银河路六段8号,双流,126,双流城区,旭辉金科棠府,16500
天府大道南一段918号,天府新区,unknown,麓湖生态城,麓湖生态城,22800
迎晖路德商迎晖天玺,成华,238,东客站,德商迎晖天玺,23500
成龙大道二段世茂璀璨天城,龙泉驿,123,大面,世茂璀璨天城,12700
蔡山东路46号,彭山区,90,彭山区,兴旺久居福,7200
岷山路123号,锦江,140,沙河堡,优山禧悦,16000
都江堰市天府大道296（天府大道与彩虹大道交汇处 ）,都江堰,114,都江堰,弘阳都江府,11000
剑南大道万科保利翡翠和悦,天府新区,123,南湖,万科保利翡翠和悦,15000
羊安路远洋栖棠,崇州,114,崇州,远洋栖棠,9000
温泉大道1号,峨眉山市,unknown,峨眉山市,smart度假汤屋,13000
金牛区聚业路天回镇街道（北星大道旁）,金牛,unknown,天回镇,华润龙湾御府,11800
中华名园簇锦街道办旁顺兴路369号,武侯,unknown,武侯立交,金楠缤纷,20000
方营路龙湖听蓝时光,新都,unknown,大丰,龙湖听蓝时光,9900
长城路西街28号,双流,85,文星镇,俊豪小区,11800
新都大道（西南石油大学旁）,新都,37,新都城区,鲜花优活居,20000
中华名园簇锦街道办旁顺兴路369号,武侯,unknown,武侯立交,金楠缤纷,35000
新津县五津镇希望东路199号,新津,118,新津,雅居乐锦城,11600
永宁镇宁泰路99号,温江,180,芙蓉古城,碧桂园十里源墅,18000
红牌楼北街31号,武侯,unknown,高升桥,营盛大厦,50000
兴隆湖湖畔路南段,天府新区,unknown,麓山,中铁诺德壹号YoHo街,22500
天津路西二段66号,广汉市,unknown,广汉市,蔚蓝郡,6300
泰兴镇（成青金快速通道与新石路交汇处）,新都,unknown,新都城区,白鹤一号,7100
麓山大道二段,天府新区,88,麓山,建发第五大道,8800
锦华路一段69号,锦江,unknown,静居寺,汇丽汀香,22000
二环路与府青路交汇处（原512建材市场旁）,成华,unknown,李家沱,永立星城都,60000
西江大道555号,龙泉驿,108,十陵,左岸名都,7800
犀安路与沱江路交汇处,郫都,107,犀浦,滨江彼岸,12500
安德镇彭温路248号（活水公园旁）,郫都,unknown,郫县城区,金安花苑,4800
雄州大道南段万峰城D区峰景里,简阳,unknown,河东新区,万峰城D区峰景里,11150
金鹰路保利堂悦府,金堂,unknown,金堂,保利堂悦府,8300
谷底湖南三路,新津,140,新津,融信澜天,10000
机场路近都段112号,双流,unknown,航空港,空港十六区,8000
盛源街700号,高新,42,大源,保利星荟,16500
郫都区犀浦镇国宁东路991号,郫都,103,成外,圣沅红星城市广场,12400
都江堰上阳街477号（蒲阳河畔对面）,都江堰,114,都江堰,明豪澜庭,5300
华信大道998号,龙泉驿,143,航天,领地溪山蘭台,19928
成洛大道5632号,龙泉驿,62,十陵,幸福东方白桦林,6700
白龙江路与大巴山路交汇处,成华,unknown,东客站,德商迎晖天玺,50000
桃都大道中段766号,龙泉驿,143,龙泉驿城区,北大资源紫境东来,13800
安仁镇迎宾路1号,大邑,unknown,大邑,砚湖,10000
华金大道三段66号,青白江,unknown,青白江,悦荟时代广场,6000
邓双镇芝芝路99号,新津,129,新津,雍景澜庭,6400
华阳祥鹤西巷125号,天府新区,137,南湖,优品道锦绣,12000
龙都北路93号,龙泉驿,141,龙泉驿城区,能投阳光里,9300
郫都区郫筒镇杜鹃路46号,郫都,45,郫县城区,重百汉正广场,8500
武汉路西段1533号,天府新区,160,锦江生态带,建发中央湾区,12300
顺城路88号1号会所(她他咖啡旁边,蒲江,428,蒲江,花样年大溪谷,7500
金石路中铁城温江阅湖和庭,温江,112,温江大学城,中铁城温江阅湖和庭,6600
雪山大道777号,大邑,unknown,大邑,保利中央公园,4650
崇州市街子古镇瑞龙桥旁,崇州,118,崇州,郡源山外山,13000
通江万达旁（杨山路与文星后街交汇处）,市中区,104,市中区,美的珺御府,7200
仁寿大道蓝光芙蓉天府,天府新区南区,89,仁寿,蓝光芙蓉天府,9000
观东二街23号,高新,116,中德,中德英伦联邦D区,16000
龙潭立交外路桂林西路（龙潭路与桂林西路交汇处）,成华,158,龙潭寺,华宇旭辉锦绣花城,19200
德阳市高新区滨湖路88号,青白江,unknown,青白江,新鸥鹏教育小镇,7200
德阳市高新区滨湖路88号,广汉市,132,广汉市,新鸥鹏教育小镇,7200
"双楠大道银河路160号（双流运动公园旁）, 银河路一段160号",双流,382,蛟龙港,北京城建龙樾湾,15000
蓉都大道南二段133号,新都,36,新都城区,新派客,9200
沈阳路东段合能铂悦华庭,天府新区,unknown,麓山,合能铂悦华庭,11000
清流镇顺河中街38号,新都,107,新都城区,榕晟水岸丽府,5900
台北路东一段75号,广汉市,unknown,广汉市,琪达·花园里,6800
崇阳街道怡然街188号,崇州,110,崇州,新城瑞升悦隽西江,11800
东三环一段湖景三路,成华,165,龙潭寺,西派泊玥,13800
中利路奥园玖俪湾,新都,unknown,大丰,奥园玖俪湾,9500
·统力大道永康森林公园旁,双流,135,蛟龙港,蓝光长岛国际社区七期,13700
和顺西一路9号,成华,44,万年场,世茂茂立方广场,9400
温泉大道峨眉璞园,峨眉山市,87,峨眉山市,峨眉璞园,7500
街子古镇金鱼街158号（街子古镇入口旁）,崇州,63,崇州,青城上院,9000
中利路奥园玖俪湾,新都,148,大丰,奥园玖俪湾,14000
中山大道银座城市中心,广汉市,unknown,广汉市,银座城市中心,16000
鑫玉大道426号（成都万达城旁）,都江堰,180,都江堰,福星惠誉青城府,13000
麓山大道二段19号,天府新区,unknown,雅居乐,雅居乐剑桥郡,9000
麓山大道二段19号,天府新区,unknown,雅居乐,雅居乐剑桥郡,9000
铁佛工业区二路,武侯,195,草金立交,金茂府,30000
迎春路241号,双流,135,东升镇,金科集美学府,15000
天府五街与江安河交汇处（天府软件园E区以南）,双流,unknown,警院,花样年家天下,30000
金丰路保利天玺,金牛,unknown,华侨城,保利天玺,18000
新泰东路71号,新都,unknown,新都城区,七一森林城市花园,60000
菱西路9号,龙泉驿,unknown,东山,寰宇君汇城,50000
佛山路西三段237号,广汉市,unknown,广汉市,金雁凯旋城,6500
南部新城新彭郫路与林荫大街交汇处,彭州,122,彭州,美的碧桂园观澜府,9000
温泉大道二段（天来国际广场旁）,温江,83,温江新城,泰合新光华府,8000
天久南巷139号,高新,unknown,天府长城,中洲南熙里二期,39000
剑南大道333号（伊藤高新店南行1500米）,天府新区,100,华阳,奥园公园府邸,14500
蜀龙大道北段（石油大学西门对面）,新都,71,新都城区,思学园智能村,8500
天府大道南段2859号,天府新区,587,海洋公园,和贵南山上,14000
三道堰镇蜀源大道二段2599号（交大立交出城17公里处）,郫都,246,郫县城区,大溪地,12000
新泰东路144号（石油大学大转盘旁）,新都,116,新都城区,汇景新城,10550
古城镇蜀汉北街102号,郫都,64,郫县城区,西蜀祥瑞府,7000
桃源新城人和街99号,大邑,84,大邑,力扬时代,5500
都江堰永安大道与都江堰大道交汇处（永寿教师楼旁）,都江堰,unknown,都江堰,乐佳广场,6200
天府二街269号,高新,67,新会展,恒大珺临阁,22000
驿都大道地铁二号线洪河站口,锦江,70,三圣乡,绿地468星曜,16000
铁环路469号,东坡区,86,眉山东站,林元康城,8200
桂林西路88号（桂林小学对面）,成华,unknown,龙潭寺,绿地悦蓉公馆,35000
崇阳镇西龙街55号,崇州,98,崇州,御澜山,6000
花照壁西顺街388号,金牛,37,花照壁,紫宸星座,20000
华实路13号,成华,unknown,龙潭寺,保利林语溪二期,10500
长融东三路155号,成华,67,万年场,香山长岛,14137
民乐街151号,东坡区,99,宏远百货,新东方公寓,8000
温泉大道二段,温江,unknown,光华大道沿线,恒大未来城,32000
东升街道迎春桥社区星空路2段66号,双流,unknown,蛟龙港,碧桂园悦府,13300
绵竹大学城-80000平米鲜花广场旁,绵竹市,118,绵竹市,剑桥城,5000
金马国际体育城太极大道66号（体育城附近）,温江,unknown,温江大学城,东原城,20000
成龙路东山国际大道1号东山国际新城内,龙泉驿,unknown,东山,东山国际君度半山,20000
中信大道三段114号,郫都,unknown,郫县城区,时代悦城,30000
兴隆街道罗家店村八组201号,天府新区,131,麓山,保利天空之城,16000
汉口路东单与浦江路交口,广汉市,117,广汉市,奥园玖珑湾,7500
天府大道666号,高新,unknown,新会展,希顿国际广场,110
光华大道同兴东路,温江,unknown,花都大道,佳兆业丽晶公馆,28000
梓州大道与新通大道的交汇处,高新,127,中德,融创香璟台二期,17000
光华大道同兴东路,温江,unknown,花都大道,佳兆业丽晶公馆,28000
科园南路1号,高新,unknown,高朋,海特国际广场,80
崇义桥北街丰怡阳光,新都,82,大丰,丰怡阳光,5500
合作路89号,高新西,unknown,高新西,龙湖时代天街,8000
马超东路555号,新都,unknown,新都城区,东骏湖景湾六期,12000
清泉北街281号四川煤田光华之心临时接待中心,温江,110,光华大道沿线,光华之心,5600
锦城大道与天府大道交汇处科华南路1366号,高新,unknown,金融城,招商大魔方,23000
2.5环内昭觉寺横路（中国电信旁）,成华,89,驷马桥,泛悦城市广场,10000
南三环娇子立交外侧,锦江,unknown,卓锦城,首创娇子1号,11000
西河大道295号,龙泉驿,91,十陵,金泉香槟城,9500
一环路与蒲阳路交汇处,都江堰,unknown,都江堰,宁江大院三期,8000
牧华路三段1789号,天府新区,96,南湖,海伦春天,17000
建功路66号,成华,unknown,东郊记忆,蓝光雍锦阁,18500
赵镇金园街159号,金堂,260,金堂,伊顿小镇,7100
雅和南四路216号,高新,112,广都,龙湖九里晴川,18000
江安路196号,温江,unknown,花都大道,千禧河畔B区,7000
南江路666号,温江,85,温江新城,和信孔雀天成,7000
北新大道与天丰路交汇处,新都,unknown,大丰,绿地城,8500
银木街679号,锦江,23,三圣乡,蓝润V客东都一期,41304
天府大道与华府大道交汇处,天府新区,unknown,华阳,蓝润ISC,20000
成龙大道川师成龙校区旁,龙泉驿,unknown,大面,龙湖三千庭,14000
小龙桥路30号,成华,unknown,新华公园,中海新华府,16000
天府三街与康华路交汇处南侧,高新,160,大源,北辰朗诗南门绿郡,50000
电子路(原红光七分厂),新都,85,新都城区,桂湖名城二期,5000
成洛大道西河地铁口（华新职业学院旁）,龙泉驿,76,十陵,昊园江南壹品,5800
双铁路88号（犀浦三铁换乘站口）,郫都,82,犀浦,润扬双铁广场石犀里,9800
北星大道与甫家二路东段交汇处,新都,108,大丰,保利爱尚里,9500
红星路南延线与应龙路交叉口,高新,150,远大,北大资源颐和翡翠府,18000
剑南大道中段(成都七中旁),高新,unknown,大源,清凤时代城,60000
正通路(社保局对面),双流,unknown,东升镇,金座威尼谷,9500
古城镇蜀源大道三段588,郫都,unknown,郫县城区,蓉晶公馆,4700
兴园3路6号,新津,93,新津,隆鑫印象城邦,4600
人民北路一段8号,金牛,unknown,花牌坊,北成星中心,13500
长融东二路,成华,unknown,万年场,交大梦家,10500
新成彭路大天路出口左侧（博雅新城旁）,新都,unknown,大丰,优品道珑苑,8500
二环路东三段双庆路6号,成华,unknown,万象城,华润二十四城七期,15500
龙都北路399号,龙泉驿,97,龙泉驿城区,龙都国际,6900
新成华大道三段与东华一路交汇口,成华,unknown,理工大,中国铁建广场,9500
蜀都新城创智公园南四路100号（创智公园正对面）,郫都,102,郫县城区,海骏达蜀都1号三期,9000
红光镇广场路（技师学院对面）,郫都,110,红光,同森锦熙,9000
北星大道与兴城大道交汇处（海宁皮革城斜对面）,新都,98,新都城区,合能珍宝锦城,6000
双楠果堰街,武侯,unknown,武侯立交,中海熙苑一期,17500
前卫街12号,锦江,unknown,盐市口,昆仑华庭,28000
双流东升街道航园路（棠湖中学实验学校旁）,双流,unknown,蛟龙港,棠府锦绣城,7900
静康路与静沙北路交汇处,锦江,130,沙河堡,新希望锦官阁,15500
近慈路66号（石室中学后门石羊派出所旁）,高新,199,金融城,成都文儒德,26000
红牌楼北街东侧与二环路交汇处（近丽都花园）,武侯,unknown,高升桥,营盛大厦,12300
汇泉南路333号,锦江,unknown,攀成钢,吉宝凌云峰阁,31000
晋吉北路66号,武侯,unknown,五大花园,邻里中央,13000
天府大道中段199号,高新,109,新会展,成都棕榈泉国际中心,32000
国际城南.天府大道与天府一街交汇处（地铁1号线世纪城北行300米）,高新,unknown,新会展,IMC国际广场,23000
剑南大道延线（南湖公园以西）,双流,unknown,华府,南湖逸家二期,35000
东升街道航林路396号,双流,unknown,蛟龙港,国奥村,14000
驷马桥羊子山路,成华,unknown,驷马桥,北城鑫街,8500
西航港锦华路二段,双流,unknown,航空港,温资金港华府,10000
2.5环内昭觉寺横路（中国电信旁）,成华,unknown,驷马桥,泛悦城市广场,50000
"华府大道三段919号, 华府大道三段869号",双流,unknown,华府,万锦城,11000
天府大道与天府五街交汇处（锦江旁）,天府新区,unknown,华阳,保利锦江里,15000
日月大道与武青北路交汇处,青羊,unknown,外光华,成都青羊万达广场,50000
金科南路（地铁2号线金科北路A出口500米）,金牛,unknown,国宾,保利国宾首府,11000
武科东二路460号,武侯,33,草金立交,世豪嘉柏,13500
阳光大道89号,龙泉驿,110,阳光城,金山御景蓝湾,4600
光华大道江浦路77号,温江,unknown,光华大道沿线,棕榈长滩,13000
荆翠西路2号,成华,48,驷马桥,金科中心,12500
二环路东二段6号附13,成华,unknown,SM广场,汇富大厦,10500
同安街道办事处阳光大道8号(博瑞花园酒店对面),龙泉驿,330,阳光城,昂世半山观邸,13000
益州大道中段699号（天府一街与天府二街之间）,高新,79,新会展,香月湖,25000
荆竹东路与东荆路首创花与城二期,成华,77,动物园,首创花与城二期,17800
西货站路207号,青羊,145,外光华,融创观玺台花园,17300
培风路276号,青羊,48,万家湾,颐和京都,12500
新华大道二段（金马国际体育城旁）,温江,unknown,温江大学城,金穗苑(温江),6000
洪河镇白鹤村6组,龙泉驿,92,洪河,东原晴天见,12000
人民南路四段38号,武侯,unknown,桐梓林,紫檀,25000
天府四街134号,高新,unknown,大源,仁美大源印象,13000
驷马桥羊子山路,成华,unknown,驷马桥,北城鑫街,39000
国宁东路与犀安路交汇处,郫都,96,犀浦,万科理想城,12000
站北中街8号,成华,unknown,驷马桥,香澜坊,11000
凤溪大道778号,温江,unknown,温江大学城,恒大名城,9100
东大路下沙河铺街和大凉山路交界处（塔子山公园旁）,锦江,unknown,沙河堡,恒大望江华府,16000
航空路6号,双流,173,蛟龙港,远大林语城,11000
观庄路18号,双流,unknown,蛟龙港,万科第五城,13000
东大街锦东路399号,锦江,240,水碾河,九龙仓擎天半岛,30000
天府四街134号,高新,unknown,大源,仁美大源印象,40000
天府大道南段1355号,高新,unknown,广都,名著司南,40000
国际城南.天府大道与天府一街交汇处（地铁1号线世纪城北行300米）,高新,99,新会展,IMC国际广场,23000
天府南华路与天府三街交汇处（高新青年公寓对面）,高新,unknown,大源,一品CG,30000
金泉路12号,金牛,372,华侨城,泽瑞西园,23522
天府南华路与天府三街交汇处（高新青年公寓对面）,高新,92,大源,一品CG,20000
青台山村五组首创万卷山,龙泉驿,unknown,大面,首创万卷山,5700
通盈街88号,锦江,unknown,攀成钢,绿地锦天府,23000
峨眉山路369号,成华,unknown,东客站,佳年华广场一期,11800
天府大道北段1199号（高新国际广场旁）,高新,143,金融城,银泰中心,47000
新成彭路大天路出口左侧,新都,86,大丰,融创凯旋东岸,9000
花照壁街225号,金牛,unknown,花照壁,龙湖紫宸,23500
犀浦镇金粮路,郫都,unknown,成外,锦巷兰台,15000
犀浦镇金粮路,郫都,154,成外,锦巷兰台,26364
九江镇万家街道（星空路与香榭大道交汇处）,双流,116,蛟龙港,华润公园九里,10500
合作路89号,高新西,94,高新西,龙湖时代天街,11380
鲸龙路（航天医院对面）,龙泉驿,unknown,航天,福泉中心,20000
牡丹街39号,锦江,52,三圣乡,俊发星雅俊园,12500
犀浦镇五河路369号,郫都,unknown,成外,天璟荟,8000
光华大道一段866号,青羊,unknown,外光华,元益花园,11000
成洛大道西河段,龙泉驿,110,十陵,棕榈印象,5000
天府三街1599号（天府三街与南华路交汇处）,高新,unknown,大源,大源欢乐颂,15000
长兴路168号,双流,unknown,牧马山,半山卫城朴墅,15000
西河镇成洛大道(成洛路西南食品城左侧),龙泉驿,104,十陵,东韵雅园,7700
江陵路335号,新都,unknown,毗河,爵领欧城,7000
天府大道中段萃华路89号,高新,62,新会展,成都国际科技节能大厦,12000
益州大道和天府五街交汇处,天府新区,56,华阳,融创NANO公馆,17000
红光镇高店路西段226号,郫都,unknown,红光,百维广场,8800
红光镇高店路西段226号,郫都,unknown,红光,百维广场,15000
地铁3号线三河场地铁出站口,新都,122,毗河,万科金域缇香二期,12400
荆竹中路（动物园北侧）,成华,unknown,动物园,华润熙悦广场,8500
锦江生态带以西，剑南大道以东,天府新区,94,南湖,万科翡翠公园,15000
柳城街办学海路399号,温江,unknown,温江大学城,新尚天地,5700
港通北一路567号,郫都,unknown,红光,中铁西郡英华一期,11000
交子大道333号,高新,unknown,金融城,誉峰三期,18888
北新大道斑竹园毗河生态开发区竹柳路118号,新都,unknown,大丰,北领峰尚,9500
航空路6号,双流,unknown,蛟龙港,远大林语城,12000
龙泉公园路一段258号,龙泉驿,108,龙泉驿城区,东麓驿境四期,15000
新都大道同仁路口（石油大学旁）,新都,unknown,新都城区,友盛上都,6500
圣谕亭巷169号,新都,83,新都城区,桂花香邻,6100
江源南路（妇幼保健院旁）,崇州,110,崇州,隆腾公元壹号,6700
西华街道侯家桥路288号,金牛,106,华侨城,中粮祥云里,12500
春江西路98号,温江,unknown,国色天乡,鹭湖宫八区,5500
协和下街588号,天府新区,unknown,华阳,戛纳湾金棕榈,8500
樱花路999号,锦江,unknown,三圣乡,绿地468公馆二期,30000
正府街77号（中国银行大厦背后）,青羊,unknown,太升路,SG珊顿道,20000
共和路与临泉南街交汇处,温江,unknown,光华大道沿线,金科天宸,11000
三环成金青大道狮子湖生态区入口,新都,188,保利公园,保利湖心岛,17000
新都大道（成都医学院旁）,新都,unknown,新都城区,和信香榭澜郡,6800
天府广场旁顺城大街269号,青羊,174,太升路,富力公馆,13500
大丰三环凤凰山森林公园凤凰山1号,新都,unknown,大丰,凤凰山1号,5900
斑竹园南华路和竹韵大道交汇处,新都,58,大丰,明都汇,7800
中环路与永顺路交汇处,武侯,unknown,红牌楼,中环晓院,21000
晋原镇子龙街160号,大邑,unknown,大邑,子龙邑都一期,3700
武阳大道二段186号,武侯,unknown,红牌楼,新界五期,14000
羊子山路88号,成华,62,驷马桥,融锦城,13500
塔山路东2.5环迎晖路交汇处,成华,unknown,万年场,中洲里程,14300
北新大道东,新都,109,大丰,保利城四期中央郡,9800
大丰蓉北路二段,新都,unknown,大丰,圣迈德广场,9200
新繁镇文庙街88号,新都,75,新都城区,东湖郡,6999
南湖西侧（剑南大道旁边）,双流,unknown,华府,中信城右岸,13500
桂林西路88号（桂林小学对面）,成华,123,龙潭寺,绿地悦蓉公馆,9900
天府东路彭州花园（客运中心向东300米）,彭州,89,彭州,碧美恋城公馆,4200
蟠龙南路66号,彭州,unknown,彭州,牡丹名城,4600
中信大道四段968号,郫都,unknown,郫县城区,中冶田园世界,5100
观岭大道1189号,金堂,64,金堂,华尔兹广场(金堂),4300
四川省成都市都江堰市玉堂镇鑫玉大道（铁军路附近）,都江堰,152,都江堰,明宇豪雅青城,14000
郫花路888号（花样年龙年国际中心旁）,郫都,134,郫县城区,蔚蓝卡地亚黑钻,10000
驷马桥西林一街19号,成华,unknown,驷马桥,金科星耀天都,12600
清源二路126号,青羊,unknown,外金沙,蓝光雍锦园,21000
西航港街道黄河中路二段388号,双流,unknown,航空港,蓝光T5,12000
御风一路9号,成华,unknown,万年场,明信鹭湾,13500
花源镇花源大道288号,新津,unknown,新津,万辰柳庄,5400
"建材路66号, 东2.5环建材路段与迎晖路十字交叉路",成华,unknown,万年场,优品星座,12500
花桥龚巷村一组,新津,95,新津,花桥雅苑,4900
天晖中街56号,高新,60,市一医院,曙光国际,16500
琉璃路123号,锦江,104,东湖,央湖名邸二期,20000
蜀龙路与熊猫大道交汇处东行300米,新都,160,保利公园,保利狮子湖,12500
西三环金牛大道金周路交汇处,金牛,118,国宾,保利学府城,38136
五津五河路15号（新津老南桥与步行桥之间）,新津,270,新津,枫山美地,9630
兴园五路中段,新津,95,新津,北大资源颐和雅郡,7500
花源镇花翠北街49号,新津,unknown,新津,天山名苑,5300
北泉路龙泉二中旁,龙泉驿,99,龙泉驿城区,中心城,6750
郫花路888号（花样年龙年国际中心旁）,郫都,272,郫县城区,蔚蓝卡地亚黑钻,14000
中和中柏大道（格林君典旁）,高新,unknown,中和,新景鼎南川宇,13000
君山路1号,新津,unknown,新津,花样年君山,6000
犀浦校园路东段111号,郫都,35,犀浦,傲城,12000
大丰街道南丰大道494号,新都,unknown,大丰,丰瑞玺悦城,6300
双建路建行正对面（原双建路79号）,成华,unknown,八里小区,成功悦都,14500
晋原镇北街289号,大邑,unknown,大邑,御金府,5000
庆云南街69号,锦江,49,红星路,红星国际,18000
滨江路南二段（太阳岛广场南300米）,崇州,125,崇州,南城滨河湾,6500
青城山106国道旁（中心镇梅花村1、2、3组）,都江堰,144,都江堰,中铁水映青城,10069
东大路下沙河铺街和大凉山路交界处（塔子山公园旁）,锦江,191,沙河堡,恒大望江华府,26000
将军碑东二路88号,成华,unknown,动物园,蓝光金悦府,9000
红光港华路555号,郫都,82,红光,上置绿洲雅宾利花园,8500
武兴路和金江路交汇处,武侯,114,簇桥,新希望锦悦楠庭,12000
东郊记忆旁成华大道与中环路交汇处,成华,90,东郊记忆,招商中央华城,13000
北星大道二段757号,新都,unknown,大丰,鑫北广场,6500
繁川家具大道957号,新都,unknown,新都城区,美林国际社区,10000
华实路11号,成华,102,龙潭寺,保利林语溪一期,9056
洞子口路163号,金牛,unknown,五块石,天悦汇,7800
新民镇新河西街（大成街旁）,新都,unknown,新都城区,香城润园,4500
三道堰水乡街138号（水井坊街与文昌街交汇处）,郫都,unknown,郫县城区,芙蓉山水浣溪,5100
石板滩镇新华街1号,新都,unknown,保利公园,锦华苑二期,4300
华逸路111号,青白江,unknown,青白江,嘉和瑞景,4000
金盆地大道168号（新公安局旁）,崇州,81,崇州,泰江兰庭二期,4800
滨江南路二段58号,崇州,unknown,崇州,愿景河之洲,5000
学苑路456号（大弯中学旁边）,青白江,unknown,青白江,广泽长河郡,4222
凤凰西七路31号,青白江,unknown,青白江,天府欧城,7900
地铁2号线百草路站（成都实验外国语学校北侧）,郫都,114,成外,万科城臻园,14500
二环路南三段（紫荆电影城旁）,大邑,unknown,大邑,恒大山水城,6000
工业大道西段67号,新都,unknown,新都城区,和信天骄府,8600
一环路北四段108号,金牛,unknown,马鞍路,银海中心,60000
世纪城路418号,高新,unknown,新会展,龙湖世纪峰景,48000
"东升镇航都大道与商都路交汇处(陶家院子旁), 航都大街二段756号",双流,unknown,蛟龙港,北大资源燕楠国际,38000
天府四街1999号,高新,unknown,大源,朗基御今缘,40000
新义西街96号,高新,unknown,新北,神仙树缤纷,20000
双华路三段(四川现代职业技术学院对面),双流,unknown,文星镇,邦泰华府公馆,23000
晋吉南路82号,武侯,unknown,五大花园,晶楠天地,40000
花源镇花源大道290号,新津,unknown,新津,万辰乐居,14000
西三环路三段草金立交内侧万顺二路155号,武侯,unknown,武侯立交,金阳不夜都,38000
福锦路一段669号,武侯,unknown,新双楠,中筑西府兰庭,42000
聚龙路1251号,武侯,unknown,新双楠,万茂UIC,37000
花牌坊北街99号,金牛,unknown,花牌坊,西锦国际二期,24000
成致路电建地产美立方,成华,unknown,理工大,电建地产美立方,13000
西一环三段5号（地铁中医附院战D出口200米处）,金牛,unknown,石人小区,桔子国际,60000
草市街38号,青羊,unknown,草市街,城置尚豪庭,35000
崔家店南路2号,成华,unknown,万年场,蓝光公园悦庭,13600
